-- GENERATED by scripts/generate-mdf-2026-data.ts — do not edit by hand.
-- Seeds the baked-in MDF 2026 lineup. Idempotent: ON CONFLICT DO UPDATE on the
-- primary keys (which are deterministic UUIDs derived from natural keys).

-- Stages
insert into public.stages (id, name, sort_order) values ('f3de7206-8c28-5ac6-b1b2-f591822cc0d8', 'Nevermore Hall', 0)
  on conflict (id) do update set name = excluded.name, sort_order = excluded.sort_order;
insert into public.stages (id, name, sort_order) values ('d3caf5ca-6fa5-52f6-9bae-07a30c403b49', 'Power Plant Live', 1)
  on conflict (id) do update set name = excluded.name, sort_order = excluded.sort_order;
insert into public.stages (id, name, sort_order) values ('96726a28-a129-5116-92ed-cf931279a884', 'Soundstage', 2)
  on conflict (id) do update set name = excluded.name, sort_order = excluded.sort_order;
insert into public.stages (id, name, sort_order) values ('ea7677ce-5f01-5df6-9e61-cc9fa3bd8d5b', 'Market Place', 3)
  on conflict (id) do update set name = excluded.name, sort_order = excluded.sort_order;
insert into public.stages (id, name, sort_order) values ('fbfcd8c1-19ea-5204-9b20-efc7b3bbe2b0', 'Angels Rock Bar', 4)
  on conflict (id) do update set name = excluded.name, sort_order = excluded.sort_order;
insert into public.stages (id, name, sort_order) values ('2be8eebb-c9bf-5ccd-8aeb-6d50ad1cb3a5', 'Mosaic Nightclub', 5)
  on conflict (id) do update set name = excluded.name, sort_order = excluded.sort_order;

-- Bands
insert into public.bands (id, name, slug) values ('18b63d4b-d5ee-5b70-818d-97623edd81be', '1914', '1914')
  on conflict (id) do update set name = excluded.name, slug = excluded.slug;
insert into public.bands (id, name, slug) values ('b2e6b68c-7ba2-5f06-8f55-4e03808626e8', 'Aberration', 'aberration')
  on conflict (id) do update set name = excluded.name, slug = excluded.slug;
insert into public.bands (id, name, slug) values ('57940b30-7124-5fff-a9d5-d59c4332c18e', 'Aftermath', 'aftermath')
  on conflict (id) do update set name = excluded.name, slug = excluded.slug;
insert into public.bands (id, name, slug) values ('4469e53d-4381-5ae9-b7b1-a23e7a4430d6', 'Aisle19', 'aisle19')
  on conflict (id) do update set name = excluded.name, slug = excluded.slug;
insert into public.bands (id, name, slug) values ('bb1b0b9c-465a-5d1e-bd1a-016694bf0e4c', '…And Oceans', 'and-oceans')
  on conflict (id) do update set name = excluded.name, slug = excluded.slug;
insert into public.bands (id, name, slug) values ('95085f3e-4c30-5a35-86ac-678de5294df3', 'Antichrist Siege Machine', 'antichrist-siege-machine')
  on conflict (id) do update set name = excluded.name, slug = excluded.slug;
insert into public.bands (id, name, slug) values ('bb5efb3a-fd45-5b31-922e-9f60fa77b910', 'Atavistic Decay', 'atavistic-decay')
  on conflict (id) do update set name = excluded.name, slug = excluded.slug;
insert into public.bands (id, name, slug) values ('ad7ba132-970a-5f79-b664-1f2855d443d4', 'Avernus', 'avernus')
  on conflict (id) do update set name = excluded.name, slug = excluded.slug;
insert into public.bands (id, name, slug) values ('7508ec00-daf5-5a33-b33b-b892ec74667d', 'Batushka', 'batushka')
  on conflict (id) do update set name = excluded.name, slug = excluded.slug;
insert into public.bands (id, name, slug) values ('dc9f72e3-bc72-51a1-ad40-5443f0b8f508', 'Black Lung', 'black-lung')
  on conflict (id) do update set name = excluded.name, slug = excluded.slug;
insert into public.bands (id, name, slug) values ('e350e90e-2b65-5ba4-96ae-6891857aeda0', 'Blood Red Throne', 'blood-red-throne')
  on conflict (id) do update set name = excluded.name, slug = excluded.slug;
insert into public.bands (id, name, slug) values ('2fc5a394-4324-5927-a735-797fc05fdcb1', 'Bone Weapon', 'bone-weapon')
  on conflict (id) do update set name = excluded.name, slug = excluded.slug;
insert into public.bands (id, name, slug) values ('02f960da-0fd0-5e00-9673-40d98093771f', 'Bongripper', 'bongripper')
  on conflict (id) do update set name = excluded.name, slug = excluded.slug;
insert into public.bands (id, name, slug) values ('f4f598b9-3535-5d8b-8d26-0cf5901efaa8', 'Bongzilla', 'bongzilla')
  on conflict (id) do update set name = excluded.name, slug = excluded.slug;
insert into public.bands (id, name, slug) values ('2390b76f-94de-5c54-8a3d-1acb4e9912f8', 'Cancer', 'cancer')
  on conflict (id) do update set name = excluded.name, slug = excluded.slug;
insert into public.bands (id, name, slug) values ('93f0ea96-1ea9-5a85-8957-f477ef7d7927', 'Caveman Cult', 'caveman-cult')
  on conflict (id) do update set name = excluded.name, slug = excluded.slug;
insert into public.bands (id, name, slug) values ('ab4c0248-b550-59a3-916b-a63fd32c0c8f', 'Cemetery Moon', 'cemetery-moon')
  on conflict (id) do update set name = excluded.name, slug = excluded.slug;
insert into public.bands (id, name, slug) values ('9118c327-7acb-5db4-8122-ff428b4c74b5', 'Cephalic Carnage', 'cephalic-carnage')
  on conflict (id) do update set name = excluded.name, slug = excluded.slug;
insert into public.bands (id, name, slug) values ('a70939ee-1b1f-5b7e-9e42-7ddde94ccef9', 'Cephalotripsy', 'cephalotripsy')
  on conflict (id) do update set name = excluded.name, slug = excluded.slug;
insert into public.bands (id, name, slug) values ('a9236596-22aa-5eaa-80c5-92ab913d63fd', 'Cerebral Hemorrhage', 'cerebral-hemorrhage')
  on conflict (id) do update set name = excluded.name, slug = excluded.slug;
insert into public.bands (id, name, slug) values ('f5527e32-77c1-595f-b07f-4480053641bd', 'Condemned', 'condemned')
  on conflict (id) do update set name = excluded.name, slug = excluded.slug;
insert into public.bands (id, name, slug) values ('964a84d0-c9eb-5e7c-bfee-30e79103e711', 'Dead Void', 'dead-void')
  on conflict (id) do update set name = excluded.name, slug = excluded.slug;
insert into public.bands (id, name, slug) values ('5f8432ee-9295-50cb-994b-c584be6e4688', 'Death Angel', 'death-angel')
  on conflict (id) do update set name = excluded.name, slug = excluded.slug;
insert into public.bands (id, name, slug) values ('09935946-53f9-5698-b5e3-e526f9e6dd52', 'Der Weg Einer Freiheit', 'der-weg-einer-freiheit')
  on conflict (id) do update set name = excluded.name, slug = excluded.slug;
insert into public.bands (id, name, slug) values ('8cfa5458-3f0e-5c84-adff-55fe41c110f6', 'Desolus', 'desolus')
  on conflict (id) do update set name = excluded.name, slug = excluded.slug;
insert into public.bands (id, name, slug) values ('4fb79129-5f2f-55de-973b-777b60e08e14', 'Destruction', 'destruction')
  on conflict (id) do update set name = excluded.name, slug = excluded.slug;
insert into public.bands (id, name, slug) values ('ced1be04-ceae-5c99-aba7-4852969762b7', 'Diabolic Oath', 'diabolic-oath')
  on conflict (id) do update set name = excluded.name, slug = excluded.slug;
insert into public.bands (id, name, slug) values ('810842ff-e427-5cfb-826a-d74758725531', 'Dying Fetus', 'dying-fetus')
  on conflict (id) do update set name = excluded.name, slug = excluded.slug;
insert into public.bands (id, name, slug) values ('be69db0b-cad9-539f-a6f2-8cba5d365976', 'Emasculator', 'emasculator')
  on conflict (id) do update set name = excluded.name, slug = excluded.slug;
insert into public.bands (id, name, slug) values ('193f48db-022e-5b92-a0cd-34e9fcb65eda', 'Excrescence', 'excrescence')
  on conflict (id) do update set name = excluded.name, slug = excluded.slug;
insert into public.bands (id, name, slug) values ('10481623-c427-563f-bf53-2923c3dfc806', 'Gerald “Incubus” Minelli of Sarcofago', 'gerald-incubus-minelli-of-sarcofago')
  on conflict (id) do update set name = excluded.name, slug = excluded.slug;
insert into public.bands (id, name, slug) values ('d864e979-fef8-56f5-96ac-19c3ec8dbb5b', 'Gestation', 'gestation')
  on conflict (id) do update set name = excluded.name, slug = excluded.slug;
insert into public.bands (id, name, slug) values ('1895d598-bfd5-58e6-878e-6018472e7a3a', 'Glorious Depravity', 'glorious-depravity')
  on conflict (id) do update set name = excluded.name, slug = excluded.slug;
insert into public.bands (id, name, slug) values ('c6060f6a-e1e2-5764-89da-929c8d1dad1b', 'God Dethroned', 'god-dethroned')
  on conflict (id) do update set name = excluded.name, slug = excluded.slug;
insert into public.bands (id, name, slug) values ('a9b60bbd-5451-5875-ba40-b871233180c0', 'Grave', 'grave')
  on conflict (id) do update set name = excluded.name, slug = excluded.slug;
insert into public.bands (id, name, slug) values ('2104904e-9c19-5d7a-a24c-4c99f4958cf6', 'Gudsforladt', 'gudsforladt')
  on conflict (id) do update set name = excluded.name, slug = excluded.slug;
insert into public.bands (id, name, slug) values ('ab4bac24-566f-536b-9c49-399a3b8e9853', 'Havukruunu', 'havukruunu')
  on conflict (id) do update set name = excluded.name, slug = excluded.slug;
insert into public.bands (id, name, slug) values ('5c08b025-a7cc-548d-890a-afecee276eea', 'Hellbutcher', 'hellbutcher')
  on conflict (id) do update set name = excluded.name, slug = excluded.slug;
insert into public.bands (id, name, slug) values ('52e50010-f431-5a25-a723-546eedc9a051', 'Hemorrhoid', 'hemorrhoid')
  on conflict (id) do update set name = excluded.name, slug = excluded.slug;
insert into public.bands (id, name, slug) values ('96413b2d-9f23-55dc-b7a6-6fe3eb756b74', 'Houkago Grind Time', 'houkago-grind-time')
  on conflict (id) do update set name = excluded.name, slug = excluded.slug;
insert into public.bands (id, name, slug) values ('2fefcbfe-9a8b-52e1-8222-d9ed5a81f92e', 'Jarhead Fertilizer', 'jarhead-fertilizer')
  on conflict (id) do update set name = excluded.name, slug = excluded.slug;
insert into public.bands (id, name, slug) values ('6995e00c-7266-5ddb-81b9-ef69cf28a851', 'Kontusion', 'kontusion')
  on conflict (id) do update set name = excluded.name, slug = excluded.slug;
insert into public.bands (id, name, slug) values ('a781a46b-0a12-5779-8a4d-5467e7463e27', 'Kreator', 'kreator')
  on conflict (id) do update set name = excluded.name, slug = excluded.slug;
insert into public.bands (id, name, slug) values ('233759a5-724d-5055-92da-96b2dd3c8760', 'Laceration', 'laceration')
  on conflict (id) do update set name = excluded.name, slug = excluded.slug;
insert into public.bands (id, name, slug) values ('249c758b-62e2-52a8-8264-ecc39c93bea2', 'Lair of the Minotaur', 'lair-of-the-minotaur')
  on conflict (id) do update set name = excluded.name, slug = excluded.slug;
insert into public.bands (id, name, slug) values ('33ee9794-b24a-5cc5-adcb-a608e08403cc', 'Left Cross', 'left-cross')
  on conflict (id) do update set name = excluded.name, slug = excluded.slug;
insert into public.bands (id, name, slug) values ('ad457211-894f-503e-8462-1375a1449efe', 'Lividity', 'lividity')
  on conflict (id) do update set name = excluded.name, slug = excluded.slug;
insert into public.bands (id, name, slug) values ('10861e3e-5eb9-5dba-a857-a68f760f324e', 'Lömsk', 'lomsk')
  on conflict (id) do update set name = excluded.name, slug = excluded.slug;
insert into public.bands (id, name, slug) values ('9cba11ae-322c-5243-8c9a-f31c454b0db9', 'Macabre', 'macabre')
  on conflict (id) do update set name = excluded.name, slug = excluded.slug;
insert into public.bands (id, name, slug) values ('17cc106a-bc6e-5ae4-bc73-94232f41353d', 'Mellow Harsher', 'mellow-harsher')
  on conflict (id) do update set name = excluded.name, slug = excluded.slug;
insert into public.bands (id, name, slug) values ('4d44dbc3-1f8b-51ff-aa7e-66075cb36d9f', 'Melting Rot', 'melting-rot')
  on conflict (id) do update set name = excluded.name, slug = excluded.slug;
insert into public.bands (id, name, slug) values ('f57d3e9a-dfe0-5899-b0d9-438520e68aeb', 'Miasmatic Necrosis', 'miasmatic-necrosis')
  on conflict (id) do update set name = excluded.name, slug = excluded.slug;
insert into public.bands (id, name, slug) values ('0c2afba3-1146-5c98-aefa-6bddf2d571ed', 'Monstrosity', 'monstrosity')
  on conflict (id) do update set name = excluded.name, slug = excluded.slug;
insert into public.bands (id, name, slug) values ('ef97bb1c-577b-510c-a121-907e97c86049', 'Morta Skuld', 'morta-skuld')
  on conflict (id) do update set name = excluded.name, slug = excluded.slug;
insert into public.bands (id, name, slug) values ('4b6bf76c-e9f6-5a96-9796-190c2488d64e', 'Mortician', 'mortician')
  on conflict (id) do update set name = excluded.name, slug = excluded.slug;
insert into public.bands (id, name, slug) values ('c773bf13-aa54-519f-93ed-fd436227f8f2', 'Napalm Death', 'napalm-death')
  on conflict (id) do update set name = excluded.name, slug = excluded.slug;
insert into public.bands (id, name, slug) values ('9850c89b-0fba-5039-93ed-4453ea5489f0', 'Necrofier', 'necrofier')
  on conflict (id) do update set name = excluded.name, slug = excluded.slug;
insert into public.bands (id, name, slug) values ('2d0a690a-3849-5b33-8265-84fd50fb701f', 'Novembers Doom', 'novembers-doom')
  on conflict (id) do update set name = excluded.name, slug = excluded.slug;
insert into public.bands (id, name, slug) values ('d5ce93e3-1f16-5b9c-ada2-b950cb84aa59', 'Old Man’s Child', 'old-man-s-child')
  on conflict (id) do update set name = excluded.name, slug = excluded.slug;
insert into public.bands (id, name, slug) values ('2dfcedd3-65b1-5f2f-8303-f4ebf465dedb', 'Oranssi Pazuzu', 'oranssi-pazuzu')
  on conflict (id) do update set name = excluded.name, slug = excluded.slug;
insert into public.bands (id, name, slug) values ('6760ac52-4bd5-5033-b01c-857d96b0b7a9', 'Ordh', 'ordh')
  on conflict (id) do update set name = excluded.name, slug = excluded.slug;
insert into public.bands (id, name, slug) values ('326a81b9-7c25-57a3-8fa5-3ef89aaf06d7', 'Organ Dealer', 'organ-dealer')
  on conflict (id) do update set name = excluded.name, slug = excluded.slug;
insert into public.bands (id, name, slug) values ('5f89a864-3d3a-5b4c-a696-c8dc5b250838', 'Ossuary', 'ossuary')
  on conflict (id) do update set name = excluded.name, slug = excluded.slug;
insert into public.bands (id, name, slug) values ('6af3ff05-f607-542b-8499-277be4c69f8b', 'Pan-Amerikan Native Front', 'pan-amerikan-native-front')
  on conflict (id) do update set name = excluded.name, slug = excluded.slug;
insert into public.bands (id, name, slug) values ('99da24e4-7058-5836-b313-a29eb1fb4652', 'Pig Destroyer', 'pig-destroyer')
  on conflict (id) do update set name = excluded.name, slug = excluded.slug;
insert into public.bands (id, name, slug) values ('3c8ce3c5-3d44-5e1e-9829-8656b4aae490', 'Poltergeist', 'poltergeist')
  on conflict (id) do update set name = excluded.name, slug = excluded.slug;
insert into public.bands (id, name, slug) values ('ebdd0cb6-ed89-5d51-a098-ed86928bb8bf', 'Primitive Man', 'primitive-man')
  on conflict (id) do update set name = excluded.name, slug = excluded.slug;
insert into public.bands (id, name, slug) values ('b0efb933-2f10-5e2b-89d0-7a462fd08193', 'Putridity', 'putridity')
  on conflict (id) do update set name = excluded.name, slug = excluded.slug;
insert into public.bands (id, name, slug) values ('dc1b3ab1-dc97-5152-8655-b6b36b4684e5', 'Repulsion', 'repulsion')
  on conflict (id) do update set name = excluded.name, slug = excluded.slug;
insert into public.bands (id, name, slug) values ('0e622b5c-1310-5d2e-96b9-bef36b0f9b23', 'Rotten Sound', 'rotten-sound')
  on conflict (id) do update set name = excluded.name, slug = excluded.slug;
insert into public.bands (id, name, slug) values ('77e84c48-3139-5464-a6ba-07332d378621', 'Rotting Christ', 'rotting-christ')
  on conflict (id) do update set name = excluded.name, slug = excluded.slug;
insert into public.bands (id, name, slug) values ('74c11819-5b82-5de0-a611-7d03f00b33d7', 'Rottrevore', 'rottrevore')
  on conflict (id) do update set name = excluded.name, slug = excluded.slug;
insert into public.bands (id, name, slug) values ('3d7d095a-b18f-5b40-9902-fdf0c2ee900a', 'Rwake', 'rwake')
  on conflict (id) do update set name = excluded.name, slug = excluded.slug;
insert into public.bands (id, name, slug) values ('6da92e71-37cd-5b6b-a510-ab56f4d00f6e', 'Sarcófago', 'sarcofago')
  on conflict (id) do update set name = excluded.name, slug = excluded.slug;
insert into public.bands (id, name, slug) values ('bd087486-34f7-5918-80dd-5b11d23c33c2', 'Sardonic Witchery', 'sardonic-witchery')
  on conflict (id) do update set name = excluded.name, slug = excluded.slug;
insert into public.bands (id, name, slug) values ('af5dbe3f-867d-5bf4-a28c-4882b0d05c69', 'Sex Prisoner', 'sex-prisoner')
  on conflict (id) do update set name = excluded.name, slug = excluded.slug;
insert into public.bands (id, name, slug) values ('a5d727c1-3275-502c-bb34-538909ed73e5', 'Shitstorm', 'shitstorm')
  on conflict (id) do update set name = excluded.name, slug = excluded.slug;
insert into public.bands (id, name, slug) values ('6929dff1-19fe-56c1-9339-4154f277ec9f', 'Sinister', 'sinister')
  on conflict (id) do update set name = excluded.name, slug = excluded.slug;
insert into public.bands (id, name, slug) values ('520c2aa6-8bd3-5f23-ac7d-cb4812b9275a', 'Solitude Aeturnus', 'solitude-aeturnus')
  on conflict (id) do update set name = excluded.name, slug = excluded.slug;
insert into public.bands (id, name, slug) values ('5aadd089-6bf5-54a2-ae26-2e07d50889e2', 'Terror Corpse', 'terror-corpse')
  on conflict (id) do update set name = excluded.name, slug = excluded.slug;
insert into public.bands (id, name, slug) values ('8760c909-13c8-5d33-8f10-936e59f18821', 'The Crown', 'the-crown')
  on conflict (id) do update set name = excluded.name, slug = excluded.slug;
insert into public.bands (id, name, slug) values ('2ea4e4c8-8de7-5d26-b646-021437f29726', 'The Crown + Der Weg Einer Freiheit', 'the-crown-der-weg-einer-freiheit')
  on conflict (id) do update set name = excluded.name, slug = excluded.slug;
insert into public.bands (id, name, slug) values ('236a57ba-b6da-5646-aeb4-82bc274db506', 'Tithe', 'tithe')
  on conflict (id) do update set name = excluded.name, slug = excluded.slug;
insert into public.bands (id, name, slug) values ('c8333e18-21eb-5c39-81e8-6e84ac579b4b', 'To Violently Vomit', 'to-violently-vomit')
  on conflict (id) do update set name = excluded.name, slug = excluded.slug;
insert into public.bands (id, name, slug) values ('b51f0452-db6b-5e6d-95b4-1bdf25289856', 'Tómarúm', 'tomarum')
  on conflict (id) do update set name = excluded.name, slug = excluded.slug;
insert into public.bands (id, name, slug) values ('c1e54db9-7a40-5936-98ab-72ce333f2f9b', 'Torsofuck', 'torsofuck')
  on conflict (id) do update set name = excluded.name, slug = excluded.slug;
insert into public.bands (id, name, slug) values ('8a43b106-90e9-5852-9954-ac1464d7643e', 'Torture Rack', 'torture-rack')
  on conflict (id) do update set name = excluded.name, slug = excluded.slug;
insert into public.bands (id, name, slug) values ('b6a3a3eb-d5b2-5f27-aa9d-271e76cf58cd', 'Unmerciful', 'unmerciful')
  on conflict (id) do update set name = excluded.name, slug = excluded.slug;
insert into public.bands (id, name, slug) values ('ae679a30-b5f4-5a25-94db-827368b8bb55', 'Vio-lence', 'vio-lence')
  on conflict (id) do update set name = excluded.name, slug = excluded.slug;
insert into public.bands (id, name, slug) values ('788797c8-edb0-5605-b753-ffebc9a70e42', 'Warbringer', 'warbringer')
  on conflict (id) do update set name = excluded.name, slug = excluded.slug;
insert into public.bands (id, name, slug) values ('aa44f184-a869-5222-b4eb-b83fd9230c9b', 'Wayfarer', 'wayfarer')
  on conflict (id) do update set name = excluded.name, slug = excluded.slug;
insert into public.bands (id, name, slug) values ('5361ffe8-bf9c-5d14-98a7-b7266913dca3', 'Whiplash', 'whiplash')
  on conflict (id) do update set name = excluded.name, slug = excluded.slug;
insert into public.bands (id, name, slug) values ('b5865b22-2b07-5ee7-8ac3-e74b7957d387', 'Witch Vomit', 'witch-vomit')
  on conflict (id) do update set name = excluded.name, slug = excluded.slug;
insert into public.bands (id, name, slug) values ('f1a281ac-1dc3-525f-b956-2cf5606a8107', 'Withering Soul', 'withering-soul')
  on conflict (id) do update set name = excluded.name, slug = excluded.slug;
insert into public.bands (id, name, slug) values ('9110ec4b-c1ae-52ec-8e9e-13064b6e9c9a', 'Woe', 'woe')
  on conflict (id) do update set name = excluded.name, slug = excluded.slug;
insert into public.bands (id, name, slug) values ('e86d71b9-c6cf-5177-9faf-e206cd0698b1', 'Wolfheart', 'wolfheart')
  on conflict (id) do update set name = excluded.name, slug = excluded.slug;
insert into public.bands (id, name, slug) values ('a390b02d-73fe-51f0-b30e-a4c9c5207c75', 'Wrathprayer', 'wrathprayer')
  on conflict (id) do update set name = excluded.name, slug = excluded.slug;

-- Sets
insert into public.sets (id, band_id, stage_id, start_time, end_time) values ('f7c81104-fe71-55c1-a586-62840ac6b630', '326a81b9-7c25-57a3-8fa5-3ef89aaf06d7', 'f3de7206-8c28-5ac6-b1b2-f591822cc0d8', '2026-05-20T22:45:00.000Z', '2026-05-20T23:20:00.000Z')
  on conflict (id) do update set band_id = excluded.band_id, stage_id = excluded.stage_id, start_time = excluded.start_time, end_time = excluded.end_time;
insert into public.sets (id, band_id, stage_id, start_time, end_time) values ('ca5d686b-1568-5ad2-a43f-1b13fb00d8db', 'ebdd0cb6-ed89-5d51-a098-ed86928bb8bf', 'f3de7206-8c28-5ac6-b1b2-f591822cc0d8', '2026-05-20T23:45:00.000Z', '2026-05-21T00:30:00.000Z')
  on conflict (id) do update set band_id = excluded.band_id, stage_id = excluded.stage_id, start_time = excluded.start_time, end_time = excluded.end_time;
insert into public.sets (id, band_id, stage_id, start_time, end_time) values ('c4fc0110-0a6a-57da-821c-eb7c5f398ef2', '0c2afba3-1146-5c98-aefa-6bddf2d571ed', 'f3de7206-8c28-5ac6-b1b2-f591822cc0d8', '2026-05-21T01:00:00.000Z', '2026-05-21T01:50:00.000Z')
  on conflict (id) do update set band_id = excluded.band_id, stage_id = excluded.stage_id, start_time = excluded.start_time, end_time = excluded.end_time;
insert into public.sets (id, band_id, stage_id, start_time, end_time) values ('1934ca55-f787-52c1-a7af-95bfd8a75764', 'dc1b3ab1-dc97-5152-8655-b6b36b4684e5', 'f3de7206-8c28-5ac6-b1b2-f591822cc0d8', '2026-05-21T02:15:00.000Z', '2026-05-21T03:00:00.000Z')
  on conflict (id) do update set band_id = excluded.band_id, stage_id = excluded.stage_id, start_time = excluded.start_time, end_time = excluded.end_time;
insert into public.sets (id, band_id, stage_id, start_time, end_time) values ('fde6797d-924d-5d62-b88c-e6b84e15cb3d', 'c773bf13-aa54-519f-93ed-fd436227f8f2', 'f3de7206-8c28-5ac6-b1b2-f591822cc0d8', '2026-05-21T03:25:00.000Z', '2026-05-21T04:25:00.000Z')
  on conflict (id) do update set band_id = excluded.band_id, stage_id = excluded.stage_id, start_time = excluded.start_time, end_time = excluded.end_time;
insert into public.sets (id, band_id, stage_id, start_time, end_time) values ('bb8180d2-c4ab-508b-9906-5fa737c74c69', 'a9236596-22aa-5eaa-80c5-92ab913d63fd', '96726a28-a129-5116-92ed-cf931279a884', '2026-05-21T20:30:00.000Z', '2026-05-21T21:05:00.000Z')
  on conflict (id) do update set band_id = excluded.band_id, stage_id = excluded.stage_id, start_time = excluded.start_time, end_time = excluded.end_time;
insert into public.sets (id, band_id, stage_id, start_time, end_time) values ('af6c7f95-71e4-5f2d-b80b-ac4205470a08', 'dc9f72e3-bc72-51a1-ad40-5443f0b8f508', 'f3de7206-8c28-5ac6-b1b2-f591822cc0d8', '2026-05-21T21:00:00.000Z', '2026-05-21T21:35:00.000Z')
  on conflict (id) do update set band_id = excluded.band_id, stage_id = excluded.stage_id, start_time = excluded.start_time, end_time = excluded.end_time;
insert into public.sets (id, band_id, stage_id, start_time, end_time) values ('e2e5f966-2678-5a52-9827-6232707b7c39', 'be69db0b-cad9-539f-a6f2-8cba5d365976', '96726a28-a129-5116-92ed-cf931279a884', '2026-05-21T21:40:00.000Z', '2026-05-21T22:25:00.000Z')
  on conflict (id) do update set band_id = excluded.band_id, stage_id = excluded.stage_id, start_time = excluded.start_time, end_time = excluded.end_time;
insert into public.sets (id, band_id, stage_id, start_time, end_time) values ('4ea6df31-4cb4-52a5-810d-02a322b15ae3', '249c758b-62e2-52a8-8264-ecc39c93bea2', 'f3de7206-8c28-5ac6-b1b2-f591822cc0d8', '2026-05-21T22:30:00.000Z', '2026-05-21T23:15:00.000Z')
  on conflict (id) do update set band_id = excluded.band_id, stage_id = excluded.stage_id, start_time = excluded.start_time, end_time = excluded.end_time;
insert into public.sets (id, band_id, stage_id, start_time, end_time) values ('e12797cc-ed3b-5ca2-bd5d-553a07036c53', '02f960da-0fd0-5e00-9673-40d98093771f', 'd3caf5ca-6fa5-52f6-9bae-07a30c403b49', '2026-05-21T23:15:00.000Z', '2026-05-22T00:00:00.000Z')
  on conflict (id) do update set band_id = excluded.band_id, stage_id = excluded.stage_id, start_time = excluded.start_time, end_time = excluded.end_time;
insert into public.sets (id, band_id, stage_id, start_time, end_time) values ('6d8d86a5-6689-57ac-be53-bb047653dc8a', 'f5527e32-77c1-595f-b07f-4480053641bd', '96726a28-a129-5116-92ed-cf931279a884', '2026-05-21T23:20:00.000Z', '2026-05-22T00:00:00.000Z')
  on conflict (id) do update set band_id = excluded.band_id, stage_id = excluded.stage_id, start_time = excluded.start_time, end_time = excluded.end_time;
insert into public.sets (id, band_id, stage_id, start_time, end_time) values ('c70146c3-38d8-5de2-a541-843d488904f4', 'ad7ba132-970a-5f79-b664-1f2855d443d4', 'f3de7206-8c28-5ac6-b1b2-f591822cc0d8', '2026-05-22T00:05:00.000Z', '2026-05-22T00:50:00.000Z')
  on conflict (id) do update set band_id = excluded.band_id, stage_id = excluded.stage_id, start_time = excluded.start_time, end_time = excluded.end_time;
insert into public.sets (id, band_id, stage_id, start_time, end_time) values ('f5e1ebf5-480f-5459-b6e2-f5c6ad6a01be', '2d0a690a-3849-5b33-8265-84fd50fb701f', 'd3caf5ca-6fa5-52f6-9bae-07a30c403b49', '2026-05-22T00:45:00.000Z', '2026-05-22T01:30:00.000Z')
  on conflict (id) do update set band_id = excluded.band_id, stage_id = excluded.stage_id, start_time = excluded.start_time, end_time = excluded.end_time;
insert into public.sets (id, band_id, stage_id, start_time, end_time) values ('62d6b5fe-b4bd-5bea-a985-63f2a882a0d2', 'a70939ee-1b1f-5b7e-9e42-7ddde94ccef9', '96726a28-a129-5116-92ed-cf931279a884', '2026-05-22T00:50:00.000Z', '2026-05-22T01:30:00.000Z')
  on conflict (id) do update set band_id = excluded.band_id, stage_id = excluded.stage_id, start_time = excluded.start_time, end_time = excluded.end_time;
insert into public.sets (id, band_id, stage_id, start_time, end_time) values ('491f62bb-bf19-573d-aea8-d4a4ec1bdc44', '3d7d095a-b18f-5b40-9902-fdf0c2ee900a', 'f3de7206-8c28-5ac6-b1b2-f591822cc0d8', '2026-05-22T01:25:00.000Z', '2026-05-22T02:25:00.000Z')
  on conflict (id) do update set band_id = excluded.band_id, stage_id = excluded.stage_id, start_time = excluded.start_time, end_time = excluded.end_time;
insert into public.sets (id, band_id, stage_id, start_time, end_time) values ('a5878cd5-29fe-534c-a17c-39a494a64c1f', '520c2aa6-8bd3-5f23-ac7d-cb4812b9275a', 'd3caf5ca-6fa5-52f6-9bae-07a30c403b49', '2026-05-22T02:30:00.000Z', '2026-05-22T03:30:00.000Z')
  on conflict (id) do update set band_id = excluded.band_id, stage_id = excluded.stage_id, start_time = excluded.start_time, end_time = excluded.end_time;
insert into public.sets (id, band_id, stage_id, start_time, end_time) values ('58648a36-0c09-5d96-9757-2a810ccb3992', 'b0efb933-2f10-5e2b-89d0-7a462fd08193', '96726a28-a129-5116-92ed-cf931279a884', '2026-05-22T03:00:00.000Z', '2026-05-22T03:45:00.000Z')
  on conflict (id) do update set band_id = excluded.band_id, stage_id = excluded.stage_id, start_time = excluded.start_time, end_time = excluded.end_time;
insert into public.sets (id, band_id, stage_id, start_time, end_time) values ('da999bf1-3dda-500d-adcf-85bebead7aae', 'f4f598b9-3535-5d8b-8d26-0cf5901efaa8', 'f3de7206-8c28-5ac6-b1b2-f591822cc0d8', '2026-05-22T03:45:00.000Z', '2026-05-22T04:35:00.000Z')
  on conflict (id) do update set band_id = excluded.band_id, stage_id = excluded.stage_id, start_time = excluded.start_time, end_time = excluded.end_time;
insert into public.sets (id, band_id, stage_id, start_time, end_time) values ('352e6337-5bab-5f50-92f2-a80311940366', 'c1e54db9-7a40-5936-98ab-72ce333f2f9b', '96726a28-a129-5116-92ed-cf931279a884', '2026-05-22T04:20:00.000Z', '2026-05-22T05:05:00.000Z')
  on conflict (id) do update set band_id = excluded.band_id, stage_id = excluded.stage_id, start_time = excluded.start_time, end_time = excluded.end_time;
insert into public.sets (id, band_id, stage_id, start_time, end_time) values ('f1c66ca8-3c6f-50a8-b219-2bd71afb6fac', 'c6060f6a-e1e2-5764-89da-929c8d1dad1b', '2be8eebb-c9bf-5ccd-8aeb-6d50ad1cb3a5', '2026-05-22T19:15:00.000Z', '2026-05-22T20:15:00.000Z')
  on conflict (id) do update set band_id = excluded.band_id, stage_id = excluded.stage_id, start_time = excluded.start_time, end_time = excluded.end_time;
insert into public.sets (id, band_id, stage_id, start_time, end_time) values ('88a1fe48-87e6-5b4d-8036-dea99dd95ff2', 'b5865b22-2b07-5ee7-8ac3-e74b7957d387', 'ea7677ce-5f01-5df6-9e61-cc9fa3bd8d5b', '2026-05-22T19:45:00.000Z', '2026-05-22T20:20:00.000Z')
  on conflict (id) do update set band_id = excluded.band_id, stage_id = excluded.stage_id, start_time = excluded.start_time, end_time = excluded.end_time;
insert into public.sets (id, band_id, stage_id, start_time, end_time) values ('1fba9dfa-04b3-5f99-b26c-1f5c96319a50', '6760ac52-4bd5-5033-b01c-857d96b0b7a9', '96726a28-a129-5116-92ed-cf931279a884', '2026-05-22T20:20:00.000Z', '2026-05-22T20:50:00.000Z')
  on conflict (id) do update set band_id = excluded.band_id, stage_id = excluded.stage_id, start_time = excluded.start_time, end_time = excluded.end_time;
insert into public.sets (id, band_id, stage_id, start_time, end_time) values ('74be9f4b-a364-5686-a825-98237009e78a', '9850c89b-0fba-5039-93ed-4453ea5489f0', 'ea7677ce-5f01-5df6-9e61-cc9fa3bd8d5b', '2026-05-22T20:40:00.000Z', '2026-05-22T21:20:00.000Z')
  on conflict (id) do update set band_id = excluded.band_id, stage_id = excluded.stage_id, start_time = excluded.start_time, end_time = excluded.end_time;
insert into public.sets (id, band_id, stage_id, start_time, end_time) values ('571983cb-0aa6-5fc3-b201-bcd258f7c1ae', 'd5ce93e3-1f16-5b9c-ada2-b950cb84aa59', '2be8eebb-c9bf-5ccd-8aeb-6d50ad1cb3a5', '2026-05-22T21:00:00.000Z', '2026-05-22T22:00:00.000Z')
  on conflict (id) do update set band_id = excluded.band_id, stage_id = excluded.stage_id, start_time = excluded.start_time, end_time = excluded.end_time;
insert into public.sets (id, band_id, stage_id, start_time, end_time) values ('68414c4e-6543-528d-84b1-26e916eb8aba', '10861e3e-5eb9-5dba-a857-a68f760f324e', 'f3de7206-8c28-5ac6-b1b2-f591822cc0d8', '2026-05-22T21:15:00.000Z', '2026-05-22T22:00:00.000Z')
  on conflict (id) do update set band_id = excluded.band_id, stage_id = excluded.stage_id, start_time = excluded.start_time, end_time = excluded.end_time;
insert into public.sets (id, band_id, stage_id, start_time, end_time) values ('b3010118-8de1-5885-8bbd-fa907d5aa717', '4d44dbc3-1f8b-51ff-aa7e-66075cb36d9f', '96726a28-a129-5116-92ed-cf931279a884', '2026-05-22T21:25:00.000Z', '2026-05-22T21:55:00.000Z')
  on conflict (id) do update set band_id = excluded.band_id, stage_id = excluded.stage_id, start_time = excluded.start_time, end_time = excluded.end_time;
insert into public.sets (id, band_id, stage_id, start_time, end_time) values ('b4da469f-c6b4-5b59-bd41-49152ff119c2', 'c6060f6a-e1e2-5764-89da-929c8d1dad1b', 'ea7677ce-5f01-5df6-9e61-cc9fa3bd8d5b', '2026-05-22T21:55:00.000Z', '2026-05-22T22:45:00.000Z')
  on conflict (id) do update set band_id = excluded.band_id, stage_id = excluded.stage_id, start_time = excluded.start_time, end_time = excluded.end_time;
insert into public.sets (id, band_id, stage_id, start_time, end_time) values ('1779cffe-306b-5cb6-bd8d-d7499d2ba9f8', '2ea4e4c8-8de7-5d26-b646-021437f29726', '2be8eebb-c9bf-5ccd-8aeb-6d50ad1cb3a5', '2026-05-22T22:45:00.000Z', '2026-05-22T23:45:00.000Z')
  on conflict (id) do update set band_id = excluded.band_id, stage_id = excluded.stage_id, start_time = excluded.start_time, end_time = excluded.end_time;
insert into public.sets (id, band_id, stage_id, start_time, end_time) values ('a35690c2-da50-52f5-82d8-af72e24ec838', '33ee9794-b24a-5cc5-adcb-a608e08403cc', 'd3caf5ca-6fa5-52f6-9bae-07a30c403b49', '2026-05-22T22:50:00.000Z', '2026-05-22T23:35:00.000Z')
  on conflict (id) do update set band_id = excluded.band_id, stage_id = excluded.stage_id, start_time = excluded.start_time, end_time = excluded.end_time;
insert into public.sets (id, band_id, stage_id, start_time, end_time) values ('b2d0c8fc-f6b2-5bd9-a203-88a9b05799e3', 'ced1be04-ceae-5c99-aba7-4852969762b7', '96726a28-a129-5116-92ed-cf931279a884', '2026-05-22T22:50:00.000Z', '2026-05-22T23:25:00.000Z')
  on conflict (id) do update set band_id = excluded.band_id, stage_id = excluded.stage_id, start_time = excluded.start_time, end_time = excluded.end_time;
insert into public.sets (id, band_id, stage_id, start_time, end_time) values ('73c1e65f-4895-5d1e-ba6a-685a632b7f1e', '6af3ff05-f607-542b-8499-277be4c69f8b', 'f3de7206-8c28-5ac6-b1b2-f591822cc0d8', '2026-05-22T22:55:00.000Z', '2026-05-22T23:40:00.000Z')
  on conflict (id) do update set band_id = excluded.band_id, stage_id = excluded.stage_id, start_time = excluded.start_time, end_time = excluded.end_time;
insert into public.sets (id, band_id, stage_id, start_time, end_time) values ('6aaf6f50-aa77-50a3-9adb-fb19d575d38e', '77e84c48-3139-5464-a6ba-07332d378621', 'ea7677ce-5f01-5df6-9e61-cc9fa3bd8d5b', '2026-05-22T23:40:00.000Z', '2026-05-23T00:40:00.000Z')
  on conflict (id) do update set band_id = excluded.band_id, stage_id = excluded.stage_id, start_time = excluded.start_time, end_time = excluded.end_time;
insert into public.sets (id, band_id, stage_id, start_time, end_time) values ('6191db9a-7ab3-5728-90fb-529384c249a9', 'c8333e18-21eb-5c39-81e8-6e84ac579b4b', '96726a28-a129-5116-92ed-cf931279a884', '2026-05-23T00:40:00.000Z', '2026-05-23T01:20:00.000Z')
  on conflict (id) do update set band_id = excluded.band_id, stage_id = excluded.stage_id, start_time = excluded.start_time, end_time = excluded.end_time;
insert into public.sets (id, band_id, stage_id, start_time, end_time) values ('a2bb804d-184d-5f3a-ab8d-b64c6339f6af', 'aa44f184-a869-5222-b4eb-b83fd9230c9b', 'f3de7206-8c28-5ac6-b1b2-f591822cc0d8', '2026-05-23T00:45:00.000Z', '2026-05-23T01:25:00.000Z')
  on conflict (id) do update set band_id = excluded.band_id, stage_id = excluded.stage_id, start_time = excluded.start_time, end_time = excluded.end_time;
insert into public.sets (id, band_id, stage_id, start_time, end_time) values ('0170a41e-06b1-537c-8d11-e9bcd895735c', 'e86d71b9-c6cf-5177-9faf-e206cd0698b1', 'd3caf5ca-6fa5-52f6-9bae-07a30c403b49', '2026-05-23T00:45:00.000Z', '2026-05-23T01:35:00.000Z')
  on conflict (id) do update set band_id = excluded.band_id, stage_id = excluded.stage_id, start_time = excluded.start_time, end_time = excluded.end_time;
insert into public.sets (id, band_id, stage_id, start_time, end_time) values ('2ac15988-c150-52f4-b3d3-64526eb7e0e7', 'f1a281ac-1dc3-525f-b956-2cf5606a8107', 'fbfcd8c1-19ea-5204-9b20-efc7b3bbe2b0', '2026-05-23T01:10:00.000Z', '2026-05-23T01:40:00.000Z')
  on conflict (id) do update set band_id = excluded.band_id, stage_id = excluded.stage_id, start_time = excluded.start_time, end_time = excluded.end_time;
insert into public.sets (id, band_id, stage_id, start_time, end_time) values ('09e83ada-8aaa-5a5b-b357-750c5857aff6', 'd5ce93e3-1f16-5b9c-ada2-b950cb84aa59', 'ea7677ce-5f01-5df6-9e61-cc9fa3bd8d5b', '2026-05-23T01:40:00.000Z', '2026-05-23T02:40:00.000Z')
  on conflict (id) do update set band_id = excluded.band_id, stage_id = excluded.stage_id, start_time = excluded.start_time, end_time = excluded.end_time;
insert into public.sets (id, band_id, stage_id, start_time, end_time) values ('2ff0b0f6-7d4b-5aed-a120-10ef681778dc', '2fc5a394-4324-5927-a735-797fc05fdcb1', 'fbfcd8c1-19ea-5204-9b20-efc7b3bbe2b0', '2026-05-23T02:40:00.000Z', '2026-05-23T03:10:00.000Z')
  on conflict (id) do update set band_id = excluded.band_id, stage_id = excluded.stage_id, start_time = excluded.start_time, end_time = excluded.end_time;
insert into public.sets (id, band_id, stage_id, start_time, end_time) values ('792c7e90-e010-5989-afb9-83fddcd19ace', '74c11819-5b82-5de0-a611-7d03f00b33d7', '96726a28-a129-5116-92ed-cf931279a884', '2026-05-23T02:40:00.000Z', '2026-05-23T03:20:00.000Z')
  on conflict (id) do update set band_id = excluded.band_id, stage_id = excluded.stage_id, start_time = excluded.start_time, end_time = excluded.end_time;
insert into public.sets (id, band_id, stage_id, start_time, end_time) values ('ef57cef1-d67c-5f3b-97ae-f927f79a1253', '09935946-53f9-5698-b5e3-e526f9e6dd52', 'f3de7206-8c28-5ac6-b1b2-f591822cc0d8', '2026-05-23T02:45:00.000Z', '2026-05-23T03:35:00.000Z')
  on conflict (id) do update set band_id = excluded.band_id, stage_id = excluded.stage_id, start_time = excluded.start_time, end_time = excluded.end_time;
insert into public.sets (id, band_id, stage_id, start_time, end_time) values ('26f60e1e-f8bc-59b3-887f-24f6325f92d8', '8760c909-13c8-5d33-8f10-936e59f18821', 'd3caf5ca-6fa5-52f6-9bae-07a30c403b49', '2026-05-23T03:10:00.000Z', '2026-05-23T04:00:00.000Z')
  on conflict (id) do update set band_id = excluded.band_id, stage_id = excluded.stage_id, start_time = excluded.start_time, end_time = excluded.end_time;
insert into public.sets (id, band_id, stage_id, start_time, end_time) values ('e59ad43f-80c3-5c44-ad67-cd5f03fa8008', '236a57ba-b6da-5646-aeb4-82bc274db506', 'fbfcd8c1-19ea-5204-9b20-efc7b3bbe2b0', '2026-05-23T03:30:00.000Z', '2026-05-23T04:00:00.000Z')
  on conflict (id) do update set band_id = excluded.band_id, stage_id = excluded.stage_id, start_time = excluded.start_time, end_time = excluded.end_time;
insert into public.sets (id, band_id, stage_id, start_time, end_time) values ('00854ba4-7f5c-58aa-aca6-6d03f338e493', 'ad457211-894f-503e-8462-1375a1449efe', '96726a28-a129-5116-92ed-cf931279a884', '2026-05-23T04:00:00.000Z', '2026-05-23T04:50:00.000Z')
  on conflict (id) do update set band_id = excluded.band_id, stage_id = excluded.stage_id, start_time = excluded.start_time, end_time = excluded.end_time;
insert into public.sets (id, band_id, stage_id, start_time, end_time) values ('1332441f-a935-57df-8ecc-8c99cfa7b793', '2dfcedd3-65b1-5f2f-8303-f4ebf465dedb', 'f3de7206-8c28-5ac6-b1b2-f591822cc0d8', '2026-05-23T04:15:00.000Z', '2026-05-23T05:15:00.000Z')
  on conflict (id) do update set band_id = excluded.band_id, stage_id = excluded.stage_id, start_time = excluded.start_time, end_time = excluded.end_time;
insert into public.sets (id, band_id, stage_id, start_time, end_time) values ('27a6b346-5f07-5c8f-b25f-f1e7738b7786', '964a84d0-c9eb-5e7c-bfee-30e79103e711', '96726a28-a129-5116-92ed-cf931279a884', '2026-05-23T18:00:00.000Z', '2026-05-23T18:35:00.000Z')
  on conflict (id) do update set band_id = excluded.band_id, stage_id = excluded.stage_id, start_time = excluded.start_time, end_time = excluded.end_time;
insert into public.sets (id, band_id, stage_id, start_time, end_time) values ('bb8920b1-2f09-5c28-8261-1759ac14d665', '8a43b106-90e9-5852-9954-ac1464d7643e', 'ea7677ce-5f01-5df6-9e61-cc9fa3bd8d5b', '2026-05-23T18:25:00.000Z', '2026-05-23T19:05:00.000Z')
  on conflict (id) do update set band_id = excluded.band_id, stage_id = excluded.stage_id, start_time = excluded.start_time, end_time = excluded.end_time;
insert into public.sets (id, band_id, stage_id, start_time, end_time) values ('53f71994-9321-58bb-a590-b29888b8efb2', '5c08b025-a7cc-548d-890a-afecee276eea', '2be8eebb-c9bf-5ccd-8aeb-6d50ad1cb3a5', '2026-05-23T19:00:00.000Z', '2026-05-23T20:00:00.000Z')
  on conflict (id) do update set band_id = excluded.band_id, stage_id = excluded.stage_id, start_time = excluded.start_time, end_time = excluded.end_time;
insert into public.sets (id, band_id, stage_id, start_time, end_time) values ('2ea84331-2468-52be-a136-c1e8fd457f0c', 'd864e979-fef8-56f5-96ac-19c3ec8dbb5b', '96726a28-a129-5116-92ed-cf931279a884', '2026-05-23T19:05:00.000Z', '2026-05-23T19:35:00.000Z')
  on conflict (id) do update set band_id = excluded.band_id, stage_id = excluded.stage_id, start_time = excluded.start_time, end_time = excluded.end_time;
insert into public.sets (id, band_id, stage_id, start_time, end_time) values ('27c56004-506a-57bd-be45-4290b793b47c', '788797c8-edb0-5605-b753-ffebc9a70e42', 'ea7677ce-5f01-5df6-9e61-cc9fa3bd8d5b', '2026-05-23T19:30:00.000Z', '2026-05-23T20:15:00.000Z')
  on conflict (id) do update set band_id = excluded.band_id, stage_id = excluded.stage_id, start_time = excluded.start_time, end_time = excluded.end_time;
insert into public.sets (id, band_id, stage_id, start_time, end_time) values ('afbb5e9e-62d1-5098-8d7b-a784e3815c0e', '17cc106a-bc6e-5ae4-bc73-94232f41353d', '96726a28-a129-5116-92ed-cf931279a884', '2026-05-23T20:15:00.000Z', '2026-05-23T20:50:00.000Z')
  on conflict (id) do update set band_id = excluded.band_id, stage_id = excluded.stage_id, start_time = excluded.start_time, end_time = excluded.end_time;
insert into public.sets (id, band_id, stage_id, start_time, end_time) values ('81d5f25d-16b4-588f-897a-f6e11dc7bdae', '5361ffe8-bf9c-5d14-98a7-b7266913dca3', 'ea7677ce-5f01-5df6-9e61-cc9fa3bd8d5b', '2026-05-23T20:40:00.000Z', '2026-05-23T21:30:00.000Z')
  on conflict (id) do update set band_id = excluded.band_id, stage_id = excluded.stage_id, start_time = excluded.start_time, end_time = excluded.end_time;
insert into public.sets (id, band_id, stage_id, start_time, end_time) values ('adccefb0-04d2-54b6-a3c0-d3f2b19a9572', '3c8ce3c5-3d44-5e1e-9829-8656b4aae490', 'f3de7206-8c28-5ac6-b1b2-f591822cc0d8', '2026-05-23T21:35:00.000Z', '2026-05-23T22:10:00.000Z')
  on conflict (id) do update set band_id = excluded.band_id, stage_id = excluded.stage_id, start_time = excluded.start_time, end_time = excluded.end_time;
insert into public.sets (id, band_id, stage_id, start_time, end_time) values ('da1eb1b5-2927-5f6f-b31e-4b6e7cda4dd8', '233759a5-724d-5055-92da-96b2dd3c8760', 'd3caf5ca-6fa5-52f6-9bae-07a30c403b49', '2026-05-23T21:35:00.000Z', '2026-05-23T22:10:00.000Z')
  on conflict (id) do update set band_id = excluded.band_id, stage_id = excluded.stage_id, start_time = excluded.start_time, end_time = excluded.end_time;
insert into public.sets (id, band_id, stage_id, start_time, end_time) values ('8114d88b-ffda-553c-8a3a-f24e5c150f14', '5aadd089-6bf5-54a2-ae26-2e07d50889e2', '96726a28-a129-5116-92ed-cf931279a884', '2026-05-23T21:35:00.000Z', '2026-05-23T22:10:00.000Z')
  on conflict (id) do update set band_id = excluded.band_id, stage_id = excluded.stage_id, start_time = excluded.start_time, end_time = excluded.end_time;
insert into public.sets (id, band_id, stage_id, start_time, end_time) values ('04013841-b439-5324-ad13-d07ae8ae0dcc', '99da24e4-7058-5836-b313-a29eb1fb4652', 'ea7677ce-5f01-5df6-9e61-cc9fa3bd8d5b', '2026-05-23T22:15:00.000Z', '2026-05-23T23:00:00.000Z')
  on conflict (id) do update set band_id = excluded.band_id, stage_id = excluded.stage_id, start_time = excluded.start_time, end_time = excluded.end_time;
insert into public.sets (id, band_id, stage_id, start_time, end_time) values ('0790dd32-49d2-5489-a133-ca669bb15c0f', 'bd087486-34f7-5918-80dd-5b11d23c33c2', 'f3de7206-8c28-5ac6-b1b2-f591822cc0d8', '2026-05-23T22:35:00.000Z', '2026-05-23T23:15:00.000Z')
  on conflict (id) do update set band_id = excluded.band_id, stage_id = excluded.stage_id, start_time = excluded.start_time, end_time = excluded.end_time;
insert into public.sets (id, band_id, stage_id, start_time, end_time) values ('23d11b5f-96d3-5888-a411-79b7194b5c18', 'ab4bac24-566f-536b-9c49-399a3b8e9853', '2be8eebb-c9bf-5ccd-8aeb-6d50ad1cb3a5', '2026-05-23T23:00:00.000Z', '2026-05-24T00:00:00.000Z')
  on conflict (id) do update set band_id = excluded.band_id, stage_id = excluded.stage_id, start_time = excluded.start_time, end_time = excluded.end_time;
insert into public.sets (id, band_id, stage_id, start_time, end_time) values ('2505b3de-3e93-577d-bcff-a23cb68f3f7c', '9cba11ae-322c-5243-8c9a-f31c454b0db9', 'd3caf5ca-6fa5-52f6-9bae-07a30c403b49', '2026-05-23T23:05:00.000Z', '2026-05-23T23:50:00.000Z')
  on conflict (id) do update set band_id = excluded.band_id, stage_id = excluded.stage_id, start_time = excluded.start_time, end_time = excluded.end_time;
insert into public.sets (id, band_id, stage_id, start_time, end_time) values ('fe71b33a-8f98-5898-8787-97878053404b', '5f89a864-3d3a-5b4c-a696-c8dc5b250838', '96726a28-a129-5116-92ed-cf931279a884', '2026-05-23T23:15:00.000Z', '2026-05-23T23:55:00.000Z')
  on conflict (id) do update set band_id = excluded.band_id, stage_id = excluded.stage_id, start_time = excluded.start_time, end_time = excluded.end_time;
insert into public.sets (id, band_id, stage_id, start_time, end_time) values ('c35cd3b7-9e0b-5ebd-b7a4-679eb7681a84', '4fb79129-5f2f-55de-973b-777b60e08e14', 'ea7677ce-5f01-5df6-9e61-cc9fa3bd8d5b', '2026-05-23T23:55:00.000Z', '2026-05-24T00:45:00.000Z')
  on conflict (id) do update set band_id = excluded.band_id, stage_id = excluded.stage_id, start_time = excluded.start_time, end_time = excluded.end_time;
insert into public.sets (id, band_id, stage_id, start_time, end_time) values ('b108f18f-e262-54cf-ba57-c8c1accc94ad', '2fefcbfe-9a8b-52e1-8222-d9ed5a81f92e', '96726a28-a129-5116-92ed-cf931279a884', '2026-05-24T00:15:00.000Z', '2026-05-24T00:50:00.000Z')
  on conflict (id) do update set band_id = excluded.band_id, stage_id = excluded.stage_id, start_time = excluded.start_time, end_time = excluded.end_time;
insert into public.sets (id, band_id, stage_id, start_time, end_time) values ('e3e8190c-ecf0-5100-8587-074e1120148e', '5c08b025-a7cc-548d-890a-afecee276eea', 'f3de7206-8c28-5ac6-b1b2-f591822cc0d8', '2026-05-24T00:50:00.000Z', '2026-05-24T01:40:00.000Z')
  on conflict (id) do update set band_id = excluded.band_id, stage_id = excluded.stage_id, start_time = excluded.start_time, end_time = excluded.end_time;
insert into public.sets (id, band_id, stage_id, start_time, end_time) values ('91731826-929b-5526-9e9f-63e2235b43cb', '4b6bf76c-e9f6-5a96-9796-190c2488d64e', 'd3caf5ca-6fa5-52f6-9bae-07a30c403b49', '2026-05-24T00:50:00.000Z', '2026-05-24T01:35:00.000Z')
  on conflict (id) do update set band_id = excluded.band_id, stage_id = excluded.stage_id, start_time = excluded.start_time, end_time = excluded.end_time;
insert into public.sets (id, band_id, stage_id, start_time, end_time) values ('10c91b04-82ae-5db9-a1b5-fa560d5c6d95', '8cfa5458-3f0e-5c84-adff-55fe41c110f6', 'fbfcd8c1-19ea-5204-9b20-efc7b3bbe2b0', '2026-05-24T01:15:00.000Z', '2026-05-24T01:45:00.000Z')
  on conflict (id) do update set band_id = excluded.band_id, stage_id = excluded.stage_id, start_time = excluded.start_time, end_time = excluded.end_time;
insert into public.sets (id, band_id, stage_id, start_time, end_time) values ('3a7761a1-a0aa-54e5-a44c-43d37ff7783c', 'a781a46b-0a12-5779-8a4d-5467e7463e27', 'ea7677ce-5f01-5df6-9e61-cc9fa3bd8d5b', '2026-05-24T01:45:00.000Z', '2026-05-24T02:45:00.000Z')
  on conflict (id) do update set band_id = excluded.band_id, stage_id = excluded.stage_id, start_time = excluded.start_time, end_time = excluded.end_time;
insert into public.sets (id, band_id, stage_id, start_time, end_time) values ('813bd0de-52fa-5004-baaa-15f9e41c3449', 'bb5efb3a-fd45-5b31-922e-9f60fa77b910', 'fbfcd8c1-19ea-5204-9b20-efc7b3bbe2b0', '2026-05-24T02:40:00.000Z', '2026-05-24T03:10:00.000Z')
  on conflict (id) do update set band_id = excluded.band_id, stage_id = excluded.stage_id, start_time = excluded.start_time, end_time = excluded.end_time;
insert into public.sets (id, band_id, stage_id, start_time, end_time) values ('f841f8b0-6751-531a-8207-28562a2081d6', 'f57d3e9a-dfe0-5899-b0d9-438520e68aeb', '96726a28-a129-5116-92ed-cf931279a884', '2026-05-24T02:45:00.000Z', '2026-05-24T03:15:00.000Z')
  on conflict (id) do update set band_id = excluded.band_id, stage_id = excluded.stage_id, start_time = excluded.start_time, end_time = excluded.end_time;
insert into public.sets (id, band_id, stage_id, start_time, end_time) values ('10018ed8-a9c6-5631-8285-7f9491e654f1', 'ef97bb1c-577b-510c-a121-907e97c86049', 'd3caf5ca-6fa5-52f6-9bae-07a30c403b49', '2026-05-24T02:50:00.000Z', '2026-05-24T03:25:00.000Z')
  on conflict (id) do update set band_id = excluded.band_id, stage_id = excluded.stage_id, start_time = excluded.start_time, end_time = excluded.end_time;
insert into public.sets (id, band_id, stage_id, start_time, end_time) values ('d678a911-f801-5f40-bf13-5c0605cb1b13', 'ab4bac24-566f-536b-9c49-399a3b8e9853', 'f3de7206-8c28-5ac6-b1b2-f591822cc0d8', '2026-05-24T02:55:00.000Z', '2026-05-24T03:45:00.000Z')
  on conflict (id) do update set band_id = excluded.band_id, stage_id = excluded.stage_id, start_time = excluded.start_time, end_time = excluded.end_time;
insert into public.sets (id, band_id, stage_id, start_time, end_time) values ('60add6c7-5e38-54b9-992b-227d70bdb074', 'a5d727c1-3275-502c-bb34-538909ed73e5', '96726a28-a129-5116-92ed-cf931279a884', '2026-05-24T03:40:00.000Z', '2026-05-24T04:15:00.000Z')
  on conflict (id) do update set band_id = excluded.band_id, stage_id = excluded.stage_id, start_time = excluded.start_time, end_time = excluded.end_time;
insert into public.sets (id, band_id, stage_id, start_time, end_time) values ('6df0d51a-0bd7-5818-8a57-0ef314918c90', '1895d598-bfd5-58e6-878e-6018472e7a3a', 'fbfcd8c1-19ea-5204-9b20-efc7b3bbe2b0', '2026-05-24T03:45:00.000Z', '2026-05-24T04:15:00.000Z')
  on conflict (id) do update set band_id = excluded.band_id, stage_id = excluded.stage_id, start_time = excluded.start_time, end_time = excluded.end_time;
insert into public.sets (id, band_id, stage_id, start_time, end_time) values ('58dab8ec-114e-5a09-ac97-3b6d1ddaf54a', '6929dff1-19fe-56c1-9339-4154f277ec9f', 'd3caf5ca-6fa5-52f6-9bae-07a30c403b49', '2026-05-24T03:45:00.000Z', '2026-05-24T04:15:00.000Z')
  on conflict (id) do update set band_id = excluded.band_id, stage_id = excluded.stage_id, start_time = excluded.start_time, end_time = excluded.end_time;
insert into public.sets (id, band_id, stage_id, start_time, end_time) values ('bb555a87-e08e-591b-a92d-bd4036c41a38', '18b63d4b-d5ee-5b70-818d-97623edd81be', 'f3de7206-8c28-5ac6-b1b2-f591822cc0d8', '2026-05-24T04:10:00.000Z', '2026-05-24T05:00:00.000Z')
  on conflict (id) do update set band_id = excluded.band_id, stage_id = excluded.stage_id, start_time = excluded.start_time, end_time = excluded.end_time;
insert into public.sets (id, band_id, stage_id, start_time, end_time) values ('8c943e74-ba56-5646-9d5e-123ef8184508', '0e622b5c-1310-5d2e-96b9-bef36b0f9b23', '96726a28-a129-5116-92ed-cf931279a884', '2026-05-24T04:45:00.000Z', '2026-05-24T05:30:00.000Z')
  on conflict (id) do update set band_id = excluded.band_id, stage_id = excluded.stage_id, start_time = excluded.start_time, end_time = excluded.end_time;
insert into public.sets (id, band_id, stage_id, start_time, end_time) values ('fe8dc23b-0754-5536-9036-1a5d37273fd5', 'e350e90e-2b65-5ba4-96ae-6891857aeda0', '2be8eebb-c9bf-5ccd-8aeb-6d50ad1cb3a5', '2026-05-24T19:00:00.000Z', '2026-05-24T20:00:00.000Z')
  on conflict (id) do update set band_id = excluded.band_id, stage_id = excluded.stage_id, start_time = excluded.start_time, end_time = excluded.end_time;
insert into public.sets (id, band_id, stage_id, start_time, end_time) values ('ecd6af62-d03b-50ff-b27a-670bdc777f4c', '4469e53d-4381-5ae9-b7b1-a23e7a4430d6', '96726a28-a129-5116-92ed-cf931279a884', '2026-05-24T19:05:00.000Z', '2026-05-24T19:30:00.000Z')
  on conflict (id) do update set band_id = excluded.band_id, stage_id = excluded.stage_id, start_time = excluded.start_time, end_time = excluded.end_time;
insert into public.sets (id, band_id, stage_id, start_time, end_time) values ('4f06365a-a4d5-5aaf-9aa5-ea807e373324', '93f0ea96-1ea9-5a85-8957-f477ef7d7927', 'ea7677ce-5f01-5df6-9e61-cc9fa3bd8d5b', '2026-05-24T19:30:00.000Z', '2026-05-24T20:10:00.000Z')
  on conflict (id) do update set band_id = excluded.band_id, stage_id = excluded.stage_id, start_time = excluded.start_time, end_time = excluded.end_time;
insert into public.sets (id, band_id, stage_id, start_time, end_time) values ('f6d4fa9b-a15e-5713-9062-851bf1e9363b', 'bb1b0b9c-465a-5d1e-bd1a-016694bf0e4c', '2be8eebb-c9bf-5ccd-8aeb-6d50ad1cb3a5', '2026-05-24T20:00:00.000Z', '2026-05-24T21:00:00.000Z')
  on conflict (id) do update set band_id = excluded.band_id, stage_id = excluded.stage_id, start_time = excluded.start_time, end_time = excluded.end_time;
insert into public.sets (id, band_id, stage_id, start_time, end_time) values ('67300a84-5ae2-5fbe-ab5b-0c6dc6ca2d45', 'b2e6b68c-7ba2-5f06-8f55-4e03808626e8', 'f3de7206-8c28-5ac6-b1b2-f591822cc0d8', '2026-05-24T20:05:00.000Z', '2026-05-24T20:40:00.000Z')
  on conflict (id) do update set band_id = excluded.band_id, stage_id = excluded.stage_id, start_time = excluded.start_time, end_time = excluded.end_time;
insert into public.sets (id, band_id, stage_id, start_time, end_time) values ('061a4cbf-cc44-5ffa-b1ea-a117c4d7216d', '52e50010-f431-5a25-a723-546eedc9a051', '96726a28-a129-5116-92ed-cf931279a884', '2026-05-24T20:15:00.000Z', '2026-05-24T20:50:00.000Z')
  on conflict (id) do update set band_id = excluded.band_id, stage_id = excluded.stage_id, start_time = excluded.start_time, end_time = excluded.end_time;
insert into public.sets (id, band_id, stage_id, start_time, end_time) values ('7f05bbb4-a79b-5164-b877-0d9e1e87c214', '2390b76f-94de-5c54-8a3d-1acb4e9912f8', 'ea7677ce-5f01-5df6-9e61-cc9fa3bd8d5b', '2026-05-24T20:40:00.000Z', '2026-05-24T21:30:00.000Z')
  on conflict (id) do update set band_id = excluded.band_id, stage_id = excluded.stage_id, start_time = excluded.start_time, end_time = excluded.end_time;
insert into public.sets (id, band_id, stage_id, start_time, end_time) values ('70c62196-820d-540a-9548-412b5273d1a0', '10481623-c427-563f-bf53-2923c3dfc806', '2be8eebb-c9bf-5ccd-8aeb-6d50ad1cb3a5', '2026-05-24T21:30:00.000Z', '2026-05-24T22:30:00.000Z')
  on conflict (id) do update set band_id = excluded.band_id, stage_id = excluded.stage_id, start_time = excluded.start_time, end_time = excluded.end_time;
insert into public.sets (id, band_id, stage_id, start_time, end_time) values ('d866470e-96cf-5406-b545-a23b1e96e7c8', 'a390b02d-73fe-51f0-b30e-a4c9c5207c75', 'f3de7206-8c28-5ac6-b1b2-f591822cc0d8', '2026-05-24T21:35:00.000Z', '2026-05-24T22:15:00.000Z')
  on conflict (id) do update set band_id = excluded.band_id, stage_id = excluded.stage_id, start_time = excluded.start_time, end_time = excluded.end_time;
insert into public.sets (id, band_id, stage_id, start_time, end_time) values ('4d179229-e3d1-55b0-8c54-c2befc010891', 'b6a3a3eb-d5b2-5f27-aa9d-271e76cf58cd', 'd3caf5ca-6fa5-52f6-9bae-07a30c403b49', '2026-05-24T21:35:00.000Z', '2026-05-24T22:15:00.000Z')
  on conflict (id) do update set band_id = excluded.band_id, stage_id = excluded.stage_id, start_time = excluded.start_time, end_time = excluded.end_time;
insert into public.sets (id, band_id, stage_id, start_time, end_time) values ('cdb568f6-560e-5c4e-a77f-0f039b8d8674', '193f48db-022e-5b92-a0cd-34e9fcb65eda', '96726a28-a129-5116-92ed-cf931279a884', '2026-05-24T21:40:00.000Z', '2026-05-24T22:15:00.000Z')
  on conflict (id) do update set band_id = excluded.band_id, stage_id = excluded.stage_id, start_time = excluded.start_time, end_time = excluded.end_time;
insert into public.sets (id, band_id, stage_id, start_time, end_time) values ('e0a4325f-a93b-5a48-b764-0727d3471e6a', '5f8432ee-9295-50cb-994b-c584be6e4688', 'ea7677ce-5f01-5df6-9e61-cc9fa3bd8d5b', '2026-05-24T22:15:00.000Z', '2026-05-24T23:05:00.000Z')
  on conflict (id) do update set band_id = excluded.band_id, stage_id = excluded.stage_id, start_time = excluded.start_time, end_time = excluded.end_time;
insert into public.sets (id, band_id, stage_id, start_time, end_time) values ('fdf7b27c-1f89-5725-bb1a-4c636dd957c2', '9110ec4b-c1ae-52ec-8e9e-13064b6e9c9a', 'f3de7206-8c28-5ac6-b1b2-f591822cc0d8', '2026-05-24T23:05:00.000Z', '2026-05-24T23:50:00.000Z')
  on conflict (id) do update set band_id = excluded.band_id, stage_id = excluded.stage_id, start_time = excluded.start_time, end_time = excluded.end_time;
insert into public.sets (id, band_id, stage_id, start_time, end_time) values ('7eb99ef4-7d55-5501-bb91-e3f77e579725', 'e350e90e-2b65-5ba4-96ae-6891857aeda0', 'd3caf5ca-6fa5-52f6-9bae-07a30c403b49', '2026-05-24T23:05:00.000Z', '2026-05-24T23:50:00.000Z')
  on conflict (id) do update set band_id = excluded.band_id, stage_id = excluded.stage_id, start_time = excluded.start_time, end_time = excluded.end_time;
insert into public.sets (id, band_id, stage_id, start_time, end_time) values ('221504b2-d404-5865-a022-92060e0ad405', '57940b30-7124-5fff-a9d5-d59c4332c18e', '96726a28-a129-5116-92ed-cf931279a884', '2026-05-24T23:15:00.000Z', '2026-05-24T23:50:00.000Z')
  on conflict (id) do update set band_id = excluded.band_id, stage_id = excluded.stage_id, start_time = excluded.start_time, end_time = excluded.end_time;
insert into public.sets (id, band_id, stage_id, start_time, end_time) values ('05767f1d-5d63-522c-add9-a60c1f2a5838', 'a9b60bbd-5451-5875-ba40-b871233180c0', 'ea7677ce-5f01-5df6-9e61-cc9fa3bd8d5b', '2026-05-24T23:55:00.000Z', '2026-05-25T00:45:00.000Z')
  on conflict (id) do update set band_id = excluded.band_id, stage_id = excluded.stage_id, start_time = excluded.start_time, end_time = excluded.end_time;
insert into public.sets (id, band_id, stage_id, start_time, end_time) values ('34e8c9c3-2c0f-59e1-bfb4-f49237475dc9', '96413b2d-9f23-55dc-b7a6-6fe3eb756b74', '96726a28-a129-5116-92ed-cf931279a884', '2026-05-25T00:40:00.000Z', '2026-05-25T01:25:00.000Z')
  on conflict (id) do update set band_id = excluded.band_id, stage_id = excluded.stage_id, start_time = excluded.start_time, end_time = excluded.end_time;
insert into public.sets (id, band_id, stage_id, start_time, end_time) values ('daa6415d-355a-5acb-94c2-9690b2941c5c', '95085f3e-4c30-5a35-86ac-678de5294df3', 'f3de7206-8c28-5ac6-b1b2-f591822cc0d8', '2026-05-25T00:50:00.000Z', '2026-05-25T01:35:00.000Z')
  on conflict (id) do update set band_id = excluded.band_id, stage_id = excluded.stage_id, start_time = excluded.start_time, end_time = excluded.end_time;
insert into public.sets (id, band_id, stage_id, start_time, end_time) values ('04e8c890-a29c-5d4d-ba94-a1e441b19ede', 'ae679a30-b5f4-5a25-94db-827368b8bb55', 'd3caf5ca-6fa5-52f6-9bae-07a30c403b49', '2026-05-25T00:50:00.000Z', '2026-05-25T01:40:00.000Z')
  on conflict (id) do update set band_id = excluded.band_id, stage_id = excluded.stage_id, start_time = excluded.start_time, end_time = excluded.end_time;
insert into public.sets (id, band_id, stage_id, start_time, end_time) values ('3520219d-1a15-5da3-ab15-6cea70b8684c', 'b51f0452-db6b-5e6d-95b4-1bdf25289856', 'fbfcd8c1-19ea-5204-9b20-efc7b3bbe2b0', '2026-05-25T01:20:00.000Z', '2026-05-25T01:50:00.000Z')
  on conflict (id) do update set band_id = excluded.band_id, stage_id = excluded.stage_id, start_time = excluded.start_time, end_time = excluded.end_time;
insert into public.sets (id, band_id, stage_id, start_time, end_time) values ('c0eb4577-0dd4-5f5e-bdfc-54c9ada2e4be', '6da92e71-37cd-5b6b-a510-ab56f4d00f6e', 'ea7677ce-5f01-5df6-9e61-cc9fa3bd8d5b', '2026-05-25T01:45:00.000Z', '2026-05-25T02:45:00.000Z')
  on conflict (id) do update set band_id = excluded.band_id, stage_id = excluded.stage_id, start_time = excluded.start_time, end_time = excluded.end_time;
insert into public.sets (id, band_id, stage_id, start_time, end_time) values ('390b104b-3327-57b0-ba33-8dbb00f6e17b', 'af5dbe3f-867d-5bf4-a28c-4882b0d05c69', '96726a28-a129-5116-92ed-cf931279a884', '2026-05-25T02:35:00.000Z', '2026-05-25T03:10:00.000Z')
  on conflict (id) do update set band_id = excluded.band_id, stage_id = excluded.stage_id, start_time = excluded.start_time, end_time = excluded.end_time;
insert into public.sets (id, band_id, stage_id, start_time, end_time) values ('01d046c1-cc32-5df4-b538-1363f22be5cf', '2104904e-9c19-5d7a-a24c-4c99f4958cf6', 'fbfcd8c1-19ea-5204-9b20-efc7b3bbe2b0', '2026-05-25T02:50:00.000Z', '2026-05-25T03:20:00.000Z')
  on conflict (id) do update set band_id = excluded.band_id, stage_id = excluded.stage_id, start_time = excluded.start_time, end_time = excluded.end_time;
insert into public.sets (id, band_id, stage_id, start_time, end_time) values ('555e0c74-a055-512a-9109-ee67d61e9a81', 'bb1b0b9c-465a-5d1e-bd1a-016694bf0e4c', 'f3de7206-8c28-5ac6-b1b2-f591822cc0d8', '2026-05-25T02:50:00.000Z', '2026-05-25T03:40:00.000Z')
  on conflict (id) do update set band_id = excluded.band_id, stage_id = excluded.stage_id, start_time = excluded.start_time, end_time = excluded.end_time;
insert into public.sets (id, band_id, stage_id, start_time, end_time) values ('a37a043a-cc3a-56bd-ab5d-cb67b12bd750', '810842ff-e427-5cfb-826a-d74758725531', 'd3caf5ca-6fa5-52f6-9bae-07a30c403b49', '2026-05-25T03:10:00.000Z', '2026-05-25T04:00:00.000Z')
  on conflict (id) do update set band_id = excluded.band_id, stage_id = excluded.stage_id, start_time = excluded.start_time, end_time = excluded.end_time;
insert into public.sets (id, band_id, stage_id, start_time, end_time) values ('ccb1722b-0f1b-5c7b-bfe9-af67f26c79dd', '6995e00c-7266-5ddb-81b9-ef69cf28a851', '96726a28-a129-5116-92ed-cf931279a884', '2026-05-25T03:35:00.000Z', '2026-05-25T04:20:00.000Z')
  on conflict (id) do update set band_id = excluded.band_id, stage_id = excluded.stage_id, start_time = excluded.start_time, end_time = excluded.end_time;
insert into public.sets (id, band_id, stage_id, start_time, end_time) values ('d3777719-13d7-506f-b815-690024007b4d', 'ab4c0248-b550-59a3-916b-a63fd32c0c8f', 'fbfcd8c1-19ea-5204-9b20-efc7b3bbe2b0', '2026-05-25T03:45:00.000Z', '2026-05-25T04:20:00.000Z')
  on conflict (id) do update set band_id = excluded.band_id, stage_id = excluded.stage_id, start_time = excluded.start_time, end_time = excluded.end_time;
insert into public.sets (id, band_id, stage_id, start_time, end_time) values ('fd9206da-76c2-59c3-9b07-f050ac242e3d', '7508ec00-daf5-5a33-b33b-b892ec74667d', 'f3de7206-8c28-5ac6-b1b2-f591822cc0d8', '2026-05-25T04:20:00.000Z', '2026-05-25T05:20:00.000Z')
  on conflict (id) do update set band_id = excluded.band_id, stage_id = excluded.stage_id, start_time = excluded.start_time, end_time = excluded.end_time;
insert into public.sets (id, band_id, stage_id, start_time, end_time) values ('6ee71505-c46e-5e58-b0dc-ca8bf1c9278a', '9118c327-7acb-5db4-8122-ff428b4c74b5', '96726a28-a129-5116-92ed-cf931279a884', '2026-05-25T04:45:00.000Z', '2026-05-25T05:30:00.000Z')
  on conflict (id) do update set band_id = excluded.band_id, stage_id = excluded.stage_id, start_time = excluded.start_time, end_time = excluded.end_time;
